,IT・科学,おもしろ,エンタメ,グルメ,コラム,スポーツ,国内,海外
1,0.002386634844868735,0.0024271844660194173,0.00477326968973747,0.0024271844660194173,0.002421307506053269,0.0024154589371980675,0.0024813895781637717,0.0024449877750611247
11,0.00477326968973747,0.0024271844660194173,0.002386634844868735,0.0048543689320388345,0.002421307506053269,0.0024154589371980675,0.0024813895781637717,0.0024449877750611247
12,0.002386634844868735,0.0024271844660194173,0.002386634844868735,0.0024271844660194173,0.004842615012106538,0.0024154589371980675,0.0024813895781637717,0.0024449877750611247
2,0.002386634844868735,0.0024271844660194173,0.00477326968973747,0.0024271844660194173,0.002421307506053269,0.007246376811594203,0.0024813895781637717,0.0024449877750611247
20,0.002386634844868735,0.0048543689320388345,0.002386634844868735,0.0024271844660194173,0.002421307506053269,0.0024154589371980675,0.0024813895781637717,0.0024449877750611247
2017,0.00477326968973747,0.0024271844660194173,0.002386634844868735,0.0024271844660194173,0.002421307506053269,0.0024154589371980675,0.0024813895781637717,0.0024449877750611247
24,0.002386634844868735,0.0024271844660194173,0.002386634844868735,0.0024271844660194173,0.002421307506053269,0.004830917874396135,0.0024813895781637717,0.0024449877750611247
2700,0.002386634844868735,0.0024271844660194173,0.002386634844868735,0.0024271844660194173,0.002421307506053269,0.004830917874396135,0.0024813895781637717,0.0024449877750611247
29,0.002386634844868735,0.0024271844660194173,0.002386634844868735,0.0024271844660194173,0.002421307506053269,0.004830917874396135,0.0024813895781637717,0.0024449877750611247
3,0.002386634844868735,0.0048543689320388345,0.002386634844868735,0.0024271844660194173,0.002421307506053269,0.0024154589371980675,0.0024813895781637717,0.0024449877750611247
30,0.002386634844868735,0.0024271844660194173,0.002386634844868735,0.0048543689320388345,0.002421307506053269,0.0024154589371980675,0.0024813895781637717,0.0024449877750611247
300,0.00477326968973747,0.0024271844660194173,0.002386634844868735,0.0024271844660194173,0.002421307506053269,0.0024154589371980675,0.0024813895781637717,0.0024449877750611247
4,0.002386634844868735,0.0024271844660194173,0.00477326968973747,0.0024271844660194173,0.002421307506053269,0.0024154589371980675,0.0024813895781637717,0.0024449877750611247
4500,0.002386634844868735,0.0024271844660194173,0.002386634844868735,0.0024271844660194173,0.002421307506053269,0.004830917874396135,0.0024813895781637717,0.0024449877750611247
5,0.002386634844868735,0.0024271844660194173,0.002386634844868735,0.0024271844660194173,0.004842615012106538,0.0024154589371980675,0.0024813895781637717,0.0024449877750611247
51,0.002386634844868735,0.0024271844660194173,0.002386634844868735,0.0024271844660194173,0.002421307506053269,0.0024154589371980675,0.004962779156327543,0.0024449877750611247
60,0.002386634844868735,0.0024271844660194173,0.002386634844868735,0.0024271844660194173,0.002421307506053269,0.004830917874396135,0.0024813895781637717,0.0024449877750611247
69,0.00477326968973747,0.0024271844660194173,0.002386634844868735,0.0024271844660194173,0.002421307506053269,0.0024154589371980675,0.0024813895781637717,0.0024449877750611247
7,0.002386634844868735,0.0024271844660194173,0.002386634844868735,0.0024271844660194173,0.004842615012106538,0.0024154589371980675,0.0024813895781637717,0.0024449877750611247
75,0.002386634844868735,0.0024271844660194173,0.002386634844868735,0.0024271844660194173,0.002421307506053269,0.0024154589371980675,0.0024813895781637717,0.004889975550122249
8,0.002386634844868735,0.0048543689320388345,0.002386634844868735,0.0024271844660194173,0.002421307506053269,0.0024154589371980675,0.0024813895781637717,0.004889975550122249
800,0.002386634844868735,0.0024271844660194173,0.002386634844868735,0.0024271844660194173,0.002421307506053269,0.0024154589371980675,0.0024813895781637717,0.004889975550122249
android,0.00477326968973747,0.0024271844660194173,0.002386634844868735,0.0024271844660194173,0.002421307506053269,0.0024154589371980675,0.0024813895781637717,0.0024449877750611247
bd,0.002386634844868735,0.0024271844660194173,0.00477326968973747,0.0024271844660194173,0.002421307506053269,0.0024154589371980675,0.0024813895781637717,0.0024449877750611247
cpu,0.00477326968973747,0.0024271844660194173,0.002386634844868735,0.0024271844660194173,0.002421307506053269,0.0024154589371980675,0.0024813895781637717,0.0024449877750611247
creative,0.00477326968973747,0.0024271844660194173,0.002386634844868735,0.0024271844660194173,0.002421307506053269,0.0024154589371980675,0.0024813895781637717,0.0024449877750611247
facebook,0.00477326968973747,0.0024271844660194173,0.002386634844868735,0.0024271844660194173,0.002421307506053269,0.0024154589371980675,0.0024813895781637717,0.0024449877750611247
fc,0.002386634844868735,0.0024271844660194173,0.002386634844868735,0.0024271844660194173,0.002421307506053269,0.004830917874396135,0.0024813895781637717,0.0024449877750611247
gk,0.002386634844868735,0.0024271844660194173,0.002386634844868735,0.0024271844660194173,0.002421307506053269,0.004830917874396135,0.0024813895781637717,0.0024449877750611247
gpu,0.00477326968973747,0.0024271844660194173,0.002386634844868735,0.0024271844660194173,0.002421307506053269,0.0024154589371980675,0.0024813895781637717,0.0024449877750611247
hifiman,0.00477326968973747,0.0024271844660194173,0.002386634844868735,0.0024271844660194173,0.002421307506053269,0.0024154589371980675,0.0024813895781637717,0.0024449877750611247
hub,0.00477326968973747,0.0024271844660194173,0.002386634844868735,0.0024271844660194173,0.002421307506053269,0.0024154589371980675,0.0024813895781637717,0.0024449877750611247
ios,0.00477326968973747,0.0024271844660194173,0.002386634844868735,0.0024271844660194173,0.002421307506053269,0.0024154589371980675,0.0024813895781637717,0.0024449877750611247
juju,0.002386634844868735,0.0024271844660194173,0.00477326968973747,0.0024271844660194173,0.002421307506053269,0.0024154589371980675,0.0024813895781637717,0.0024449877750611247
luke's,0.002386634844868735,0.0024271844660194173,0.002386634844868735,0.0048543689320388345,0.002421307506053269,0.0024154589371980675,0.0024813895781637717,0.0024449877750611247
megamini,0.00477326968973747,0.0024271844660194173,0.002386634844868735,0.0024271844660194173,0.002421307506053269,0.0024154589371980675,0.0024813895781637717,0.0024449877750611247
microsoft,0.007159904534606206,0.0024271844660194173,0.002386634844868735,0.0024271844660194173,0.002421307506053269,0.0024154589371980675,0.0024813895781637717,0.0024449877750611247
mobile,0.00477326968973747,0.0024271844660194173,0.002386634844868735,0.0024271844660194173,0.002421307506053269,0.0024154589371980675,0.0024813895781637717,0.0024449877750611247
nhl,0.002386634844868735,0.0024271844660194173,0.002386634844868735,0.0024271844660194173,0.002421307506053269,0.004830917874396135,0.0024813895781637717,0.0024449877750611247
pc,0.00477326968973747,0.0024271844660194173,0.002386634844868735,0.0024271844660194173,0.002421307506053269,0.0024154589371980675,0.0024813895781637717,0.0024449877750611247
pixel,0.00477326968973747,0.0024271844660194173,0.002386634844868735,0.0024271844660194173,0.002421307506053269,0.0024154589371980675,0.0024813895781637717,0.0024449877750611247
studio,0.00477326968973747,0.0024271844660194173,0.002386634844868735,0.0024271844660194173,0.002421307506053269,0.0024154589371980675,0.0024813895781637717,0.0024449877750611247
surface,0.00477326968973747,0.0024271844660194173,0.002386634844868735,0.0024271844660194173,0.002421307506053269,0.0024154589371980675,0.0024813895781637717,0.0024449877750611247
viewer,0.00477326968973747,0.0024271844660194173,0.002386634844868735,0.0024271844660194173,0.002421307506053269,0.0024154589371980675,0.0024813895781637717,0.0024449877750611247
word,0.00954653937947494,0.0024271844660194173,0.002386634844868735,0.0024271844660194173,0.002421307506053269,0.0024154589371980675,0.0024813895781637717,0.0024449877750611247
yoshiki,0.002386634844868735,0.0024271844660194173,0.002386634844868735,0.0024271844660194173,0.002421307506053269,0.0024154589371980675,0.004962779156327543,0.0024449877750611247
あこがれ,0.002386634844868735,0.0024271844660194173,0.002386634844868735,0.0024271844660194173,0.004842615012106538,0.0024154589371980675,0.0024813895781637717,0.0024449877750611247
ある,0.002386634844868735,0.0024271844660194173,0.002386634844868735,0.0024271844660194173,0.002421307506053269,0.004830917874396135,0.0024813895781637717,0.0024449877750611247
あんこ,0.002386634844868735,0.0024271844660194173,0.002386634844868735,0.0048543689320388345,0.002421307506053269,0.0024154589371980675,0.0024813895781637717,0.0024449877750611247
おやつ,0.002386634844868735,0.0024271844660194173,0.002386634844868735,0.0048543689320388345,0.002421307506053269,0.0024154589371980675,0.0024813895781637717,0.0024449877750611247
お土産,0.002386634844868735,0.0024271844660194173,0.002386634844868735,0.0048543689320388345,0.002421307506053269,0.0024154589371980675,0.0024813895781637717,0.0024449877750611247
お手,0.002386634844868735,0.0048543689320388345,0.002386634844868735,0.0024271844660194173,0.002421307506053269,0.0024154589371980675,0.0024813895781637717,0.0024449877750611247
お気持ち,0.002386634844868735,0.0024271844660194173,0.002386634844868735,0.0024271844660194173,0.002421307506053269,0.0024154589371980675,0.004962779156327543,0.0024449877750611247
こと,0.002386634844868735,0.0024271844660194173,0.002386634844868735,0.0024271844660194173,0.002421307506053269,0.0024154589371980675,0.004962779156327543,0.0024449877750611247
この,0.002386634844868735,0.0024271844660194173,0.00477326968973747,0.0024271844660194173,0.002421307506053269,0.0024154589371980675,0.0024813895781637717,0.0024449877750611247
こんなに,0.002386634844868735,0.0048543689320388345,0.002386634844868735,0.0024271844660194173,0.002421307506053269,0.0024154589371980675,0.0024813895781637717,0.0024449877750611247
さらに,0.002386634844868735,0.0024271844660194173,0.002386634844868735,0.0024271844660194173,0.002421307506053269,0.004830917874396135,0.0024813895781637717,0.0024449877750611247
し,0.002386634844868735,0.007281553398058253,0.002386634844868735,0.0024271844660194173,0.002421307506053269,0.0024154589371980675,0.004962779156327543,0.0024449877750611247
たたずまい,0.002386634844868735,0.0048543689320388345,0.002386634844868735,0.0024271844660194173,0.002421307506053269,0.0024154589371980675,0.0024813895781637717,0.0024449877750611247
たっぷり,0.002386634844868735,0.0024271844660194173,0.002386634844868735,0.0048543689320388345,0.002421307506053269,0.0024154589371980675,0.0024813895781637717,0.0024449877750611247
ちぎれる,0.002386634844868735,0.0024271844660194173,0.002386634844868735,0.0048543689320388345,0.002421307506053269,0.0024154589371980675,0.0024813895781637717,0.0024449877750611247
できる,0.002386634844868735,0.0048543689320388345,0.002386634844868735,0.0024271844660194173,0.002421307506053269,0.0024154589371980675,0.0024813895781637717,0.0024449877750611247
どう,0.002386634844868735,0.0024271844660194173,0.002386634844868735,0.0024271844660194173,0.002421307506053269,0.004830917874396135,0.0024813895781637717,0.0024449877750611247
ない,0.002386634844868735,0.0024271844660194173,0.002386634844868735,0.0024271844660194173,0.002421307506053269,0.0024154589371980675,0.004962779156327543,0.0024449877750611247
なっ,0.002386634844868735,0.0024271844660194173,0.002386634844868735,0.0024271844660194173,0.002421307506053269,0.0024154589371980675,0.0024813895781637717,0.004889975550122249
ひとし,0.002386634844868735,0.0024271844660194173,0.00477326968973747,0.0024271844660194173,0.002421307506053269,0.0024154589371980675,0.0024813895781637717,0.0024449877750611247
ぺこ,0.002386634844868735,0.0024271844660194173,0.002386634844868735,0.0024271844660194173,0.004842615012106538,0.0024154589371980675,0.0024813895781637717,0.0024449877750611247
まるで,0.002386634844868735,0.0024271844660194173,0.002386634844868735,0.0048543689320388345,0.002421307506053269,0.0024154589371980675,0.0024813895781637717,0.0024449877750611247
みくり,0.002386634844868735,0.0024271844660194173,0.002386634844868735,0.0024271844660194173,0.004842615012106538,0.0024154589371980675,0.0024813895781637717,0.0024449877750611247
めぐり,0.002386634844868735,0.0024271844660194173,0.002386634844868735,0.0024271844660194173,0.004842615012106538,0.0024154589371980675,0.0024813895781637717,0.0024449877750611247
もし,0.002386634844868735,0.0024271844660194173,0.002386634844868735,0.0024271844660194173,0.002421307506053269,0.0024154589371980675,0.0024813895781637717,0.004889975550122249
やっ,0.002386634844868735,0.0048543689320388345,0.002386634844868735,0.0024271844660194173,0.002421307506053269,0.0024154589371980675,0.0024813895781637717,0.0024449877750611247
よかっ,0.002386634844868735,0.0024271844660194173,0.002386634844868735,0.0024271844660194173,0.002421307506053269,0.0024154589371980675,0.004962779156327543,0.0024449877750611247
より,0.002386634844868735,0.0024271844660194173,0.002386634844868735,0.0024271844660194173,0.002421307506053269,0.004830917874396135,0.0024813895781637717,0.0024449877750611247
よる,0.002386634844868735,0.0024271844660194173,0.00477326968973747,0.0024271844660194173,0.002421307506053269,0.0024154589371980675,0.0024813895781637717,0.004889975550122249
わいせつ,0.002386634844868735,0.0024271844660194173,0.002386634844868735,0.0024271844660194173,0.002421307506053269,0.0024154589371980675,0.0024813895781637717,0.004889975550122249
ウマ,0.002386634844868735,0.0024271844660194173,0.002386634844868735,0.0048543689320388345,0.002421307506053269,0.0024154589371980675,0.0024813895781637717,0.0024449877750611247
エリート,0.002386634844868735,0.0024271844660194173,0.002386634844868735,0.0024271844660194173,0.002421307506053269,0.0024154589371980675,0.0024813895781637717,0.004889975550122249
オープン,0.002386634844868735,0.0024271844660194173,0.002386634844868735,0.0048543689320388345,0.002421307506053269,0.0024154589371980675,0.0024813895781637717,0.0024449877750611247
カンボジア,0.002386634844868735,0.0024271844660194173,0.002386634844868735,0.0024271844660194173,0.002421307506053269,0.0024154589371980675,0.0024813895781637717,0.004889975550122249
キャッチ,0.002386634844868735,0.0024271844660194173,0.002386634844868735,0.0024271844660194173,0.002421307506053269,0.004830917874396135,0.0024813895781637717,0.0024449877750611247
キュン,0.002386634844868735,0.0048543689320388345,0.002386634844868735,0.0024271844660194173,0.002421307506053269,0.0024154589371980675,0.0024813895781637717,0.0024449877750611247
キープ,0.002386634844868735,0.0024271844660194173,0.002386634844868735,0.0024271844660194173,0.004842615012106538,0.0024154589371980675,0.0024813895781637717,0.0024449877750611247
クリエイティブ,0.00477326968973747,0.0024271844660194173,0.002386634844868735,0.0024271844660194173,0.002421307506053269,0.0024154589371980675,0.0024813895781637717,0.0024449877750611247
クリーム,0.002386634844868735,0.0024271844660194173,0.002386634844868735,0.007281553398058253,0.002421307506053269,0.0024154589371980675,0.0024813895781637717,0.0024449877750611247
クール,0.002386634844868735,0.0024271844660194173,0.002386634844868735,0.0024271844660194173,0.002421307506053269,0.0024154589371980675,0.004962779156327543,0.0024449877750611247
グーグル,0.00477326968973747,0.0024271844660194173,0.002386634844868735,0.0024271844660194173,0.002421307506053269,0.0024154589371980675,0.0024813895781637717,0.0024449877750611247
コロン,0.002386634844868735,0.0048543689320388345,0.002386634844868735,0.0024271844660194173,0.002421307506053269,0.0024154589371980675,0.0024813895781637717,0.0024449877750611247
コンパクト,0.00477326968973747,0.0024271844660194173,0.002386634844868735,0.0024271844660194173,0.002421307506053269,0.0024154589371980675,0.0024813895781637717,0.0024449877750611247
コンピューター,0.002386634844868735,0.0024271844660194173,0.002386634844868735,0.0024271844660194173,0.002421307506053269,0.0024154589371980675,0.0024813895781637717,0.004889975550122249
コーデ,0.002386634844868735,0.0024271844660194173,0.002386634844868735,0.0024271844660194173,0.004842615012106538,0.0024154589371980675,0.0024813895781637717,0.0024449877750611247
サイド,0.002386634844868735,0.0024271844660194173,0.00477326968973747,0.0024271844660194173,0.002421307506053269,0.0024154589371980675,0.0024813895781637717,0.0024449877750611247
サッカー,0.002386634844868735,0.0024271844660194173,0.002386634844868735,0.0024271844660194173,0.002421307506053269,0.004830917874396135,0.0024813895781637717,0.0024449877750611247
サバイバル,0.002386634844868735,0.0024271844660194173,0.002386634844868735,0.0024271844660194173,0.002421307506053269,0.0024154589371980675,0.0024813895781637717,0.004889975550122249
サンド,0.002386634844868735,0.0024271844660194173,0.002386634844868735,0.0048543689320388345,0.002421307506053269,0.0024154589371980675,0.0024813895781637717,0.0024449877750611247
ザ,0.002386634844868735,0.0024271844660194173,0.00477326968973747,0.0024271844660194173,0.002421307506053269,0.0024154589371980675,0.0024813895781637717,0.0024449877750611247
シンガポール,0.002386634844868735,0.0024271844660194173,0.002386634844868735,0.0024271844660194173,0.002421307506053269,0.0024154589371980675,0.004962779156327543,0.0024449877750611247
シングル,0.002386634844868735,0.0024271844660194173,0.00477326968973747,0.0024271844660194173,0.002421307506053269,0.0024154589371980675,0.0024813895781637717,0.0024449877750611247
シーフード,0.002386634844868735,0.0024271844660194173,0.002386634844868735,0.0048543689320388345,0.002421307506053269,0.0024154589371980675,0.0024813895781637717,0.0024449877750611247
ジャパン,0.002386634844868735,0.0024271844660194173,0.002386634844868735,0.0024271844660194173,0.002421307506053269,0.0024154589371980675,0.007444168734491315,0.0024449877750611247
ジョーク,0.002386634844868735,0.0024271844660194173,0.002386634844868735,0.0024271844660194173,0.002421307506053269,0.0024154589371980675,0.0024813895781637717,0.004889975550122249
スイーツ,0.002386634844868735,0.0024271844660194173,0.002386634844868735,0.0048543689320388345,0.002421307506053269,0.0024154589371980675,0.0024813895781637717,0.0024449877750611247
スチームパンク,0.002386634844868735,0.0024271844660194173,0.00477326968973747,0.0024271844660194173,0.002421307506053269,0.0024154589371980675,0.0024813895781637717,0.0024449877750611247
セクシー,0.002386634844868735,0.0024271844660194173,0.002386634844868735,0.0024271844660194173,0.002421307506053269,0.0024154589371980675,0.0024813895781637717,0.004889975550122249
ダイエット,0.002386634844868735,0.0024271844660194173,0.002386634844868735,0.0024271844660194173,0.004842615012106538,0.0024154589371980675,0.0024813895781637717,0.0024449877750611247
ダブル,0.002386634844868735,0.0024271844660194173,0.00477326968973747,0.0024271844660194173,0.002421307506053269,0.0024154589371980675,0.0024813895781637717,0.0024449877750611247
チョコ,0.002386634844868735,0.0024271844660194173,0.002386634844868735,0.0048543689320388345,0.002421307506053269,0.0024154589371980675,0.0024813895781637717,0.0024449877750611247
チーム,0.002386634844868735,0.0024271844660194173,0.002386634844868735,0.0024271844660194173,0.002421307506053269,0.004830917874396135,0.0024813895781637717,0.0024449877750611247
ツイート,0.002386634844868735,0.0048543689320388345,0.002386634844868735,0.0024271844660194173,0.002421307506053269,0.0024154589371980675,0.0024813895781637717,0.0024449877750611247
ツール,0.00477326968973747,0.0024271844660194173,0.002386634844868735,0.0024271844660194173,0.002421307506053269,0.0024154589371980675,0.0024813895781637717,0.0024449877750611247
テレ,0.002386634844868735,0.0024271844660194173,0.00477326968973747,0.0024271844660194173,0.002421307506053269,0.0024154589371980675,0.0024813895781637717,0.0024449877750611247
デビュー,0.002386634844868735,0.0024271844660194173,0.002386634844868735,0.0024271844660194173,0.002421307506053269,0.004830917874396135,0.0024813895781637717,0.0024449877750611247
デュエット,0.002386634844868735,0.0024271844660194173,0.00477326968973747,0.0024271844660194173,0.002421307506053269,0.0024154589371980675,0.0024813895781637717,0.0024449877750611247
トゥ,0.002386634844868735,0.0024271844660194173,0.00477326968973747,0.0024271844660194173,0.002421307506053269,0.0024154589371980675,0.0024813895781637717,0.0024449877750611247
トップ,0.002386634844868735,0.0024271844660194173,0.002386634844868735,0.0024271844660194173,0.002421307506053269,0.007246376811594203,0.0024813895781637717,0.0024449877750611247
トランプ,0.002386634844868735,0.0024271844660194173,0.002386634844868735,0.0024271844660194173,0.002421307506053269,0.0024154589371980675,0.0024813895781637717,0.004889975550122249
ドリンク,0.002386634844868735,0.0024271844660194173,0.002386634844868735,0.0048543689320388345,0.002421307506053269,0.0024154589371980675,0.0024813895781637717,0.0024449877750611247
ドレス,0.002386634844868735,0.0024271844660194173,0.002386634844868735,0.0024271844660194173,0.002421307506053269,0.0024154589371980675,0.0024813895781637717,0.004889975550122249
ナンバー,0.002386634844868735,0.0024271844660194173,0.002386634844868735,0.0024271844660194173,0.002421307506053269,0.0024154589371980675,0.0024813895781637717,0.004889975550122249
バック,0.002386634844868735,0.0024271844660194173,0.00477326968973747,0.0024271844660194173,0.002421307506053269,0.0024154589371980675,0.0024813895781637717,0.0024449877750611247
バトル,0.002386634844868735,0.0024271844660194173,0.00477326968973747,0.0024271844660194173,0.002421307506053269,0.0024154589371980675,0.0024813895781637717,0.0024449877750611247
バラ,0.002386634844868735,0.0024271844660194173,0.002386634844868735,0.0024271844660194173,0.004842615012106538,0.0024154589371980675,0.0024813895781637717,0.0024449877750611247
バラバラ,0.00477326968973747,0.0024271844660194173,0.002386634844868735,0.0024271844660194173,0.002421307506053269,0.0024154589371980675,0.0024813895781637717,0.0024449877750611247
バー,0.002386634844868735,0.0024271844660194173,0.002386634844868735,0.0048543689320388345,0.002421307506053269,0.0024154589371980675,0.0024813895781637717,0.0024449877750611247
パンツ,0.002386634844868735,0.0024271844660194173,0.002386634844868735,0.0024271844660194173,0.004842615012106538,0.0024154589371980675,0.0024813895781637717,0.0024449877750611247
ヒンジ,0.00477326968973747,0.0024271844660194173,0.002386634844868735,0.0024271844660194173,0.002421307506053269,0.0024154589371980675,0.0024813895781637717,0.0024449877750611247
ピッコリーノ,0.002386634844868735,0.0024271844660194173,0.00477326968973747,0.0024271844660194173,0.002421307506053269,0.0024154589371980675,0.0024813895781637717,0.0024449877750611247
ピンク,0.002386634844868735,0.0024271844660194173,0.002386634844868735,0.0024271844660194173,0.004842615012106538,0.0024154589371980675,0.0024813895781637717,0.0024449877750611247
ファッション,0.002386634844868735,0.0024271844660194173,0.002386634844868735,0.0024271844660194173,0.004842615012106538,0.0024154589371980675,0.0024813895781637717,0.0024449877750611247
ファミマ,0.002386634844868735,0.0024271844660194173,0.002386634844868735,0.0048543689320388345,0.002421307506053269,0.0024154589371980675,0.0024813895781637717,0.0024449877750611247
ファン,0.002386634844868735,0.0024271844660194173,0.00477326968973747,0.0024271844660194173,0.002421307506053269,0.0024154589371980675,0.0024813895781637717,0.0024449877750611247
フィリップモリス,0.002386634844868735,0.0024271844660194173,0.002386634844868735,0.0024271844660194173,0.002421307506053269,0.0024154589371980675,0.004962779156327543,0.0024449877750611247
フューチャー,0.002386634844868735,0.0024271844660194173,0.00477326968973747,0.0024271844660194173,0.002421307506053269,0.0024154589371980675,0.0024813895781637717,0.0024449877750611247
ブック,0.002386634844868735,0.0024271844660194173,0.00477326968973747,0.0024271844660194173,0.002421307506053269,0.0024154589371980675,0.0024813895781637717,0.0024449877750611247
ブランド,0.002386634844868735,0.0024271844660194173,0.002386634844868735,0.0048543689320388345,0.002421307506053269,0.0024154589371980675,0.0024813895781637717,0.0024449877750611247
ブルガリア,0.002386634844868735,0.0024271844660194173,0.002386634844868735,0.0024271844660194173,0.004842615012106538,0.0024154589371980675,0.0024813895781637717,0.0024449877750611247
プレーヤー,0.00477326968973747,0.0024271844660194173,0.002386634844868735,0.0024271844660194173,0.002421307506053269,0.0024154589371980675,0.0024813895781637717,0.0024449877750611247
プロデューサー,0.002386634844868735,0.0024271844660194173,0.00477326968973747,0.0024271844660194173,0.002421307506053269,0.0024154589371980675,0.0024813895781637717,0.0024449877750611247
ベルギー,0.002386634844868735,0.0024271844660194173,0.002386634844868735,0.0048543689320388345,0.002421307506053269,0.0024154589371980675,0.0024813895781637717,0.0024449877750611247
ペーパー,0.002386634844868735,0.0024271844660194173,0.00477326968973747,0.0024271844660194173,0.002421307506053269,0.0024154589371980675,0.0024813895781637717,0.0024449877750611247
ボク,0.002386634844868735,0.0048543689320388345,0.002386634844868735,0.0024271844660194173,0.002421307506053269,0.0024154589371980675,0.0024813895781637717,0.0024449877750611247
ボール,0.002386634844868735,0.0024271844660194173,0.002386634844868735,0.0024271844660194173,0.002421307506053269,0.004830917874396135,0.0024813895781637717,0.0024449877750611247
マニュアル,0.002386634844868735,0.0024271844660194173,0.002386634844868735,0.0024271844660194173,0.002421307506053269,0.0024154589371980675,0.0024813895781637717,0.004889975550122249
ムジカ,0.002386634844868735,0.0024271844660194173,0.00477326968973747,0.0024271844660194173,0.002421307506053269,0.0024154589371980675,0.0024813895781637717,0.0024449877750611247
メニュー,0.002386634844868735,0.0024271844660194173,0.002386634844868735,0.0048543689320388345,0.002421307506053269,0.0024154589371980675,0.0024813895781637717,0.0024449877750611247
モバイル,0.00477326968973747,0.0024271844660194173,0.002386634844868735,0.0024271844660194173,0.002421307506053269,0.0024154589371980675,0.0024813895781637717,0.0024449877750611247
ヤツ,0.002386634844868735,0.0048543689320388345,0.002386634844868735,0.0024271844660194173,0.002421307506053269,0.0024154589371980675,0.0024813895781637717,0.0024449877750611247
ラム,0.002386634844868735,0.0024271844660194173,0.002386634844868735,0.0048543689320388345,0.002421307506053269,0.0024154589371980675,0.0024813895781637717,0.0024449877750611247
リトアニア,0.002386634844868735,0.0024271844660194173,0.002386634844868735,0.0024271844660194173,0.002421307506053269,0.0024154589371980675,0.0024813895781637717,0.004889975550122249
リポーター,0.002386634844868735,0.0024271844660194173,0.00477326968973747,0.0024271844660194173,0.002421307506053269,0.0024154589371980675,0.0024813895781637717,0.0024449877750611247
リリース,0.002386634844868735,0.0024271844660194173,0.00477326968973747,0.0024271844660194173,0.002421307506053269,0.0024154589371980675,0.0024813895781637717,0.0024449877750611247
リレー,0.002386634844868735,0.0048543689320388345,0.002386634844868735,0.0024271844660194173,0.002421307506053269,0.0024154589371980675,0.0024813895781637717,0.0024449877750611247
レーズン,0.002386634844868735,0.0024271844660194173,0.002386634844868735,0.0048543689320388345,0.002421307506053269,0.0024154589371980675,0.0024813895781637717,0.0024449877750611247
ロシア軍,0.002386634844868735,0.0024271844660194173,0.002386634844868735,0.0024271844660194173,0.002421307506053269,0.0024154589371980675,0.0024813895781637717,0.004889975550122249
ロブスター,0.002386634844868735,0.0024271844660194173,0.002386634844868735,0.0048543689320388345,0.002421307506053269,0.0024154589371980675,0.0024813895781637717,0.0024449877750611247
ローズ,0.002386634844868735,0.0024271844660194173,0.002386634844868735,0.0024271844660194173,0.004842615012106538,0.0024154589371980675,0.0024813895781637717,0.0024449877750611247
ローソン,0.002386634844868735,0.0024271844660194173,0.002386634844868735,0.0048543689320388345,0.002421307506053269,0.0024154589371980675,0.0024813895781637717,0.0024449877750611247
ロール,0.002386634844868735,0.0024271844660194173,0.002386634844868735,0.0048543689320388345,0.002421307506053269,0.0024154589371980675,0.0024813895781637717,0.0024449877750611247
ワンコ,0.002386634844868735,0.0048543689320388345,0.002386634844868735,0.0024271844660194173,0.002421307506053269,0.0024154589371980675,0.0024813895781637717,0.0024449877750611247
一体,0.00477326968973747,0.0024271844660194173,0.002386634844868735,0.0024271844660194173,0.002421307506053269,0.0024154589371980675,0.0024813895781637717,0.0024449877750611247
万,0.00477326968973747,0.0024271844660194173,0.002386634844868735,0.0024271844660194173,0.002421307506053269,0.007246376811594203,0.0024813895781637717,0.0024449877750611247
世界観,0.002386634844868735,0.0024271844660194173,0.00477326968973747,0.0024271844660194173,0.002421307506053269,0.0024154589371980675,0.0024813895781637717,0.0024449877750611247
中国,0.002386634844868735,0.0024271844660194173,0.002386634844868735,0.0024271844660194173,0.002421307506053269,0.0024154589371980675,0.0024813895781637717,0.004889975550122249
久保建英,0.002386634844868735,0.0024271844660194173,0.002386634844868735,0.0024271844660194173,0.002421307506053269,0.004830917874396135,0.0024813895781637717,0.0024449877750611247
予測,0.00477326968973747,0.0024271844660194173,0.002386634844868735,0.0024271844660194173,0.002421307506053269,0.0024154589371980675,0.0024813895781637717,0.0024449877750611247
予算,0.002386634844868735,0.0024271844660194173,0.002386634844868735,0.0024271844660194173,0.002421307506053269,0.0024154589371980675,0.004962779156327543,0.0024449877750611247
事故,0.002386634844868735,0.0024271844660194173,0.002386634844868735,0.0024271844660194173,0.002421307506053269,0.004830917874396135,0.0024813895781637717,0.0024449877750611247
今度,0.002386634844868735,0.0024271844660194173,0.002386634844868735,0.0024271844660194173,0.002421307506053269,0.0024154589371980675,0.0024813895781637717,0.004889975550122249
仕事,0.002386634844868735,0.0048543689320388345,0.002386634844868735,0.0024271844660194173,0.002421307506053269,0.0024154589371980675,0.0024813895781637717,0.0024449877750611247
企業,0.002386634844868735,0.0024271844660194173,0.002386634844868735,0.0024271844660194173,0.002421307506053269,0.0024154589371980675,0.004962779156327543,0.0024449877750611247
作用,0.002386634844868735,0.0024271844660194173,0.002386634844868735,0.0024271844660194173,0.004842615012106538,0.0024154589371980675,0.0024813895781637717,0.0024449877750611247
侵攻,0.002386634844868735,0.0024271844660194173,0.002386634844868735,0.0024271844660194173,0.002421307506053269,0.0024154589371980675,0.0024813895781637717,0.004889975550122249
促す,0.002386634844868735,0.0024271844660194173,0.002386634844868735,0.0024271844660194173,0.002421307506053269,0.0024154589371980675,0.0024813895781637717,0.004889975550122249
個性的,0.002386634844868735,0.0024271844660194173,0.002386634844868735,0.0048543689320388345,0.002421307506053269,0.0024154589371980675,0.0024813895781637717,0.0024449877750611247
倍増,0.00477326968973747,0.0024271844660194173,0.002386634844868735,0.0024271844660194173,0.002421307506053269,0.0024154589371980675,0.0024813895781637717,0.0024449877750611247
働く,0.002386634844868735,0.0048543689320388345,0.002386634844868735,0.0024271844660194173,0.002421307506053269,0.0024154589371980675,0.0024813895781637717,0.0024449877750611247
公開,0.00477326968973747,0.0024271844660194173,0.002386634844868735,0.0024271844660194173,0.004842615012106538,0.0024154589371980675,0.0024813895781637717,0.0024449877750611247
再会,0.002386634844868735,0.0048543689320388345,0.002386634844868735,0.0024271844660194173,0.002421307506053269,0.0024154589371980675,0.0024813895781637717,0.0024449877750611247
冬,0.002386634844868735,0.0024271844660194173,0.00477326968973747,0.0024271844660194173,0.002421307506053269,0.0024154589371980675,0.0024813895781637717,0.0024449877750611247
冷却,0.00477326968973747,0.0024271844660194173,0.002386634844868735,0.0024271844660194173,0.002421307506053269,0.0024154589371980675,0.0024813895781637717,0.0024449877750611247
分かれる,0.002386634844868735,0.0048543689320388345,0.002386634844868735,0.0024271844660194173,0.002421307506053269,0.0024154589371980675,0.0024813895781637717,0.0024449877750611247
分解,0.00477326968973747,0.0024271844660194173,0.002386634844868735,0.0024271844660194173,0.002421307506053269,0.0024154589371980675,0.0024813895781637717,0.0024449877750611247
切に,0.002386634844868735,0.0024271844660194173,0.002386634844868735,0.0048543689320388345,0.002421307506053269,0.0024154589371980675,0.0024813895781637717,0.0024449877750611247
切断,0.002386634844868735,0.0024271844660194173,0.002386634844868735,0.0024271844660194173,0.002421307506053269,0.004830917874396135,0.0024813895781637717,0.0024449877750611247
加藤,0.002386634844868735,0.0024271844660194173,0.00477326968973747,0.0024271844660194173,0.002421307506053269,0.0024154589371980675,0.0024813895781637717,0.0024449877750611247
動物,0.002386634844868735,0.0048543689320388345,0.002386634844868735,0.0024271844660194173,0.002421307506053269,0.0024154589371980675,0.0024813895781637717,0.0024449877750611247
北朝鮮,0.002386634844868735,0.0024271844660194173,0.002386634844868735,0.0024271844660194173,0.002421307506053269,0.0024154589371980675,0.0024813895781637717,0.004889975550122249
医療,0.002386634844868735,0.0024271844660194173,0.002386634844868735,0.0024271844660194173,0.002421307506053269,0.0024154589371980675,0.004962779156327543,0.0024449877750611247
厚労省,0.002386634844868735,0.0024271844660194173,0.002386634844868735,0.0024271844660194173,0.002421307506053269,0.0024154589371980675,0.004962779156327543,0.0024449877750611247
収録,0.002386634844868735,0.0024271844660194173,0.00477326968973747,0.0024271844660194173,0.002421307506053269,0.0024154589371980675,0.0024813895781637717,0.0024449877750611247
取っ,0.002386634844868735,0.0048543689320388345,0.002386634844868735,0.0024271844660194173,0.002421307506053269,0.0024154589371980675,0.0024813895781637717,0.0024449877750611247
可愛,0.002386634844868735,0.0048543689320388345,0.002386634844868735,0.0024271844660194173,0.002421307506053269,0.0024154589371980675,0.0024813895781637717,0.0024449877750611247
可愛い,0.002386634844868735,0.0048543689320388345,0.002386634844868735,0.0024271844660194173,0.002421307506053269,0.0024154589371980675,0.0024813895781637717,0.0024449877750611247
右足,0.002386634844868735,0.0024271844660194173,0.002386634844868735,0.0024271844660194173,0.002421307506053269,0.004830917874396135,0.0024813895781637717,0.0024449877750611247
号泣,0.002386634844868735,0.0024271844660194173,0.00477326968973747,0.0024271844660194173,0.002421307506053269,0.0024154589371980675,0.0024813895781637717,0.0024449877750611247
吹き出す,0.002386634844868735,0.0024271844660194173,0.002386634844868735,0.0024271844660194173,0.002421307506053269,0.0024154589371980675,0.0024813895781637717,0.004889975550122249
命日,0.002386634844868735,0.0048543689320388345,0.002386634844868735,0.0024271844660194173,0.002421307506053269,0.0024154589371980675,0.0024813895781637717,0.0024449877750611247
和風,0.002386634844868735,0.0024271844660194173,0.002386634844868735,0.0024271844660194173,0.004842615012106538,0.0024154589371980675,0.0024813895781637717,0.0024449877750611247
土産,0.002386634844868735,0.0024271844660194173,0.002386634844868735,0.0024271844660194173,0.004842615012106538,0.0024154589371980675,0.0024813895781637717,0.0024449877750611247
堪能,0.002386634844868735,0.0024271844660194173,0.00477326968973747,0.0024271844660194173,0.002421307506053269,0.0024154589371980675,0.0024813895781637717,0.0024449877750611247
増量,0.002386634844868735,0.0024271844660194173,0.002386634844868735,0.0048543689320388345,0.002421307506053269,0.0024154589371980675,0.0024813895781637717,0.0024449877750611247
墜落,0.002386634844868735,0.0024271844660194173,0.002386634844868735,0.0024271844660194173,0.002421307506053269,0.004830917874396135,0.0024813895781637717,0.0024449877750611247
外し,0.002386634844868735,0.0048543689320388345,0.002386634844868735,0.0024271844660194173,0.002421307506053269,0.0024154589371980675,0.0024813895781637717,0.004889975550122249
多め,0.002386634844868735,0.0024271844660194173,0.002386634844868735,0.0024271844660194173,0.004842615012106538,0.0024154589371980675,0.0024813895781637717,0.0024449877750611247
大久保,0.002386634844868735,0.0024271844660194173,0.002386634844868735,0.0024271844660194173,0.002421307506053269,0.004830917874396135,0.0024813895781637717,0.0024449877750611247
大変,0.002386634844868735,0.0024271844660194173,0.002386634844868735,0.0024271844660194173,0.002421307506053269,0.0024154589371980675,0.004962779156327543,0.0024449877750611247
大統領,0.002386634844868735,0.0024271844660194173,0.002386634844868735,0.0024271844660194173,0.002421307506053269,0.0024154589371980675,0.004962779156327543,0.004889975550122249
天地無用,0.002386634844868735,0.0024271844660194173,0.00477326968973747,0.0024271844660194173,0.002421307506053269,0.0024154589371980675,0.0024813895781637717,0.0024449877750611247
天皇,0.002386634844868735,0.0024271844660194173,0.002386634844868735,0.0024271844660194173,0.002421307506053269,0.0024154589371980675,0.004962779156327543,0.0024449877750611247
夫妻,0.002386634844868735,0.0024271844660194173,0.002386634844868735,0.0024271844660194173,0.002421307506053269,0.0024154589371980675,0.004962779156327543,0.0024449877750611247
失う,0.002386634844868735,0.0024271844660194173,0.002386634844868735,0.0024271844660194173,0.002421307506053269,0.004830917874396135,0.0024813895781637717,0.0024449877750611247
奥田,0.002386634844868735,0.0024271844660194173,0.00477326968973747,0.0024271844660194173,0.002421307506053269,0.0024154589371980675,0.0024813895781637717,0.0024449877750611247
好調,0.00477326968973747,0.0024271844660194173,0.002386634844868735,0.0024271844660194173,0.002421307506053269,0.0024154589371980675,0.0024813895781637717,0.0024449877750611247
季節,0.002386634844868735,0.0024271844660194173,0.002386634844868735,0.0048543689320388345,0.002421307506053269,0.0024154589371980675,0.0024813895781637717,0.0024449877750611247
完成,0.002386634844868735,0.0024271844660194173,0.002386634844868735,0.0048543689320388345,0.002421307506053269,0.0024154589371980675,0.0024813895781637717,0.0024449877750611247
宗教家,0.002386634844868735,0.0024271844660194173,0.002386634844868735,0.0024271844660194173,0.002421307506053269,0.0024154589371980675,0.0024813895781637717,0.004889975550122249
定番,0.002386634844868735,0.0024271844660194173,0.002386634844868735,0.0048543689320388345,0.002421307506053269,0.0024154589371980675,0.0024813895781637717,0.0024449877750611247
宝石,0.002386634844868735,0.0024271844660194173,0.002386634844868735,0.0048543689320388345,0.002421307506053269,0.0024154589371980675,0.0024813895781637717,0.0024449877750611247
対照的,0.002386634844868735,0.0024271844660194173,0.00477326968973747,0.0024271844660194173,0.002421307506053269,0.0024154589371980675,0.0024813895781637717,0.0024449877750611247
少女,0.002386634844868735,0.0024271844660194173,0.002386634844868735,0.0024271844660194173,0.002421307506053269,0.0024154589371980675,0.0024813895781637717,0.004889975550122249
少年,0.002386634844868735,0.0024271844660194173,0.002386634844868735,0.0024271844660194173,0.002421307506053269,0.004830917874396135,0.0024813895781637717,0.0024449877750611247
左足,0.002386634844868735,0.0024271844660194173,0.002386634844868735,0.0024271844660194173,0.002421307506053269,0.004830917874396135,0.0024813895781637717,0.0024449877750611247
巨人,0.002386634844868735,0.0024271844660194173,0.002386634844868735,0.0024271844660194173,0.002421307506053269,0.004830917874396135,0.0024813895781637717,0.0024449877750611247
市役所,0.002386634844868735,0.0048543689320388345,0.002386634844868735,0.0024271844660194173,0.002421307506053269,0.0024154589371980675,0.0024813895781637717,0.0024449877750611247
年内,0.00477326968973747,0.0024271844660194173,0.002386634844868735,0.0024271844660194173,0.002421307506053269,0.0024154589371980675,0.0024813895781637717,0.0024449877750611247
広告,0.00477326968973747,0.0024271844660194173,0.002386634844868735,0.0024271844660194173,0.002421307506053269,0.0024154589371980675,0.0024813895781637717,0.0024449877750611247
広尾,0.002386634844868735,0.0024271844660194173,0.002386634844868735,0.0048543689320388345,0.002421307506053269,0.0024154589371980675,0.0024813895781637717,0.0024449877750611247
廃止,0.00477326968973747,0.0024271844660194173,0.002386634844868735,0.0024271844660194173,0.002421307506053269,0.0024154589371980675,0.0024813895781637717,0.0024449877750611247
彩る,0.002386634844868735,0.0024271844660194173,0.00477326968973747,0.0024271844660194173,0.002421307506053269,0.0024154589371980675,0.0024813895781637717,0.0024449877750611247
後,0.002386634844868735,0.0048543689320388345,0.002386634844868735,0.0024271844660194173,0.002421307506053269,0.0024154589371980675,0.0024813895781637717,0.0024449877750611247
心,0.002386634844868735,0.0048543689320388345,0.002386634844868735,0.0024271844660194173,0.002421307506053269,0.0024154589371980675,0.0024813895781637717,0.0024449877750611247
思わず,0.002386634844868735,0.0024271844660194173,0.002386634844868735,0.0024271844660194173,0.002421307506053269,0.0024154589371980675,0.0024813895781637717,0.004889975550122249
性的,0.002386634844868735,0.0024271844660194173,0.002386634844868735,0.0024271844660194173,0.002421307506053269,0.0024154589371980675,0.0024813895781637717,0.004889975550122249
性能,0.00477326968973747,0.0024271844660194173,0.002386634844868735,0.0024271844660194173,0.002421307506053269,0.0024154589371980675,0.0024813895781637717,0.0024449877750611247
恐れ,0.002386634844868735,0.0024271844660194173,0.002386634844868735,0.0024271844660194173,0.002421307506053269,0.004830917874396135,0.0024813895781637717,0.0024449877750611247
恥,0.002386634844868735,0.0024271844660194173,0.002386634844868735,0.0024271844660194173,0.004842615012106538,0.0024154589371980675,0.0024813895781637717,0.0024449877750611247
想定,0.002386634844868735,0.0024271844660194173,0.002386634844868735,0.0024271844660194173,0.002421307506053269,0.0024154589371980675,0.0024813895781637717,0.004889975550122249
愛さ,0.002386634844868735,0.0048543689320388345,0.002386634844868735,0.0024271844660194173,0.002421307506053269,0.0024154589371980675,0.0024813895781637717,0.0024449877750611247
愛犬,0.002386634844868735,0.0048543689320388345,0.002386634844868735,0.0024271844660194173,0.002421307506053269,0.0024154589371980675,0.0024813895781637717,0.0024449877750611247
戦争,0.002386634844868735,0.0024271844660194173,0.002386634844868735,0.0024271844660194173,0.002421307506053269,0.0024154589371980675,0.0024813895781637717,0.004889975550122249
戦略,0.002386634844868735,0.0024271844660194173,0.002386634844868735,0.0024271844660194173,0.002421307506053269,0.0024154589371980675,0.004962779156327543,0.0024449877750611247
手形,0.002386634844868735,0.0024271844660194173,0.002386634844868735,0.0024271844660194173,0.004842615012106538,0.0024154589371980675,0.0024813895781637717,0.0024449877750611247
抑制,0.002386634844868735,0.0024271844660194173,0.002386634844868735,0.0024271844660194173,0.002421307506053269,0.0024154589371980675,0.004962779156327543,0.0024449877750611247
抜群,0.002386634844868735,0.0024271844660194173,0.002386634844868735,0.0024271844660194173,0.004842615012106538,0.0024154589371980675,0.0024813895781637717,0.0024449877750611247
拒否,0.002386634844868735,0.0024271844660194173,0.00477326968973747,0.0024271844660194173,0.002421307506053269,0.0024154589371980675,0.0024813895781637717,0.0024449877750611247
指輪,0.002386634844868735,0.0048543689320388345,0.002386634844868735,0.0024271844660194173,0.002421307506053269,0.0024154589371980675,0.0024813895781637717,0.0024449877750611247
推奨,0.00477326968973747,0.0024271844660194173,0.002386634844868735,0.0024271844660194173,0.002421307506053269,0.0024154589371980675,0.0024813895781637717,0.0024449877750611247
搬送,0.002386634844868735,0.0048543689320388345,0.002386634844868735,0.0024271844660194173,0.002421307506053269,0.0024154589371980675,0.0024813895781637717,0.0024449877750611247
改革,0.002386634844868735,0.0024271844660194173,0.002386634844868735,0.0024271844660194173,0.002421307506053269,0.004830917874396135,0.0024813895781637717,0.0024449877750611247
放置,0.002386634844868735,0.0024271844660194173,0.002386634844868735,0.0024271844660194173,0.002421307506053269,0.0024154589371980675,0.0024813895781637717,0.004889975550122249
救急,0.002386634844868735,0.0048543689320388345,0.002386634844868735,0.0024271844660194173,0.002421307506053269,0.0024154589371980675,0.0024813895781637717,0.0024449877750611247
教育,0.002386634844868735,0.0024271844660194173,0.00477326968973747,0.0024271844660194173,0.002421307506053269,0.0024154589371980675,0.0024813895781637717,0.0024449877750611247
整腸,0.002386634844868735,0.0024271844660194173,0.002386634844868735,0.0024271844660194173,0.004842615012106538,0.0024154589371980675,0.0024813895781637717,0.0024449877750611247
断固,0.002386634844868735,0.0024271844660194173,0.00477326968973747,0.0024271844660194173,0.002421307506053269,0.0024154589371980675,0.0024813895781637717,0.0024449877750611247
新垣結衣,0.002386634844868735,0.0024271844660194173,0.002386634844868735,0.0024271844660194173,0.004842615012106538,0.0024154589371980675,0.0024813895781637717,0.0024449877750611247
方法,0.002386634844868735,0.0024271844660194173,0.002386634844868735,0.0024271844660194173,0.004842615012106538,0.0024154589371980675,0.0024813895781637717,0.0024449877750611247
方針,0.002386634844868735,0.0024271844660194173,0.002386634844868735,0.0024271844660194173,0.002421307506053269,0.0024154589371980675,0.004962779156327543,0.0024449877750611247
旅館,0.002386634844868735,0.0024271844660194173,0.002386634844868735,0.0024271844660194173,0.004842615012106538,0.0024154589371980675,0.0024813895781637717,0.0024449877750611247
日本,0.002386634844868735,0.0024271844660194173,0.002386634844868735,0.0048543689320388345,0.002421307506053269,0.0024154589371980675,0.0024813895781637717,0.0024449877750611247
日本初,0.002386634844868735,0.0024271844660194173,0.002386634844868735,0.0024271844660194173,0.002421307506053269,0.0024154589371980675,0.004962779156327543,0.0024449877750611247
明らか,0.00477326968973747,0.0024271844660194173,0.002386634844868735,0.0024271844660194173,0.002421307506053269,0.0024154589371980675,0.0024813895781637717,0.0024449877750611247
映画,0.002386634844868735,0.0024271844660194173,0.00477326968973747,0.0024271844660194173,0.002421307506053269,0.0024154589371980675,0.0024813895781637717,0.0024449877750611247
暴行,0.002386634844868735,0.0024271844660194173,0.002386634844868735,0.0024271844660194173,0.002421307506053269,0.0024154589371980675,0.0024813895781637717,0.004889975550122249
更改,0.002386634844868735,0.0024271844660194173,0.002386634844868735,0.0024271844660194173,0.002421307506053269,0.004830917874396135,0.0024813895781637717,0.0024449877750611247
最中,0.002386634844868735,0.0024271844660194173,0.002386634844868735,0.0048543689320388345,0.002421307506053269,0.0024154589371980675,0.0024813895781637717,0.0024449877750611247
本日,0.002386634844868735,0.0024271844660194173,0.00477326968973747,0.0024271844660194173,0.002421307506053269,0.0024154589371980675,0.0024813895781637717,0.0024449877750611247
本格,0.002386634844868735,0.0024271844660194173,0.002386634844868735,0.0048543689320388345,0.002421307506053269,0.0024154589371980675,0.0024813895781637717,0.0024449877750611247
村,0.002386634844868735,0.0024271844660194173,0.002386634844868735,0.0024271844660194173,0.004842615012106538,0.0024154589371980675,0.0024813895781637717,0.0024449877750611247
来る,0.002386634844868735,0.0048543689320388345,0.002386634844868735,0.0024271844660194173,0.002421307506053269,0.0024154589371980675,0.0024813895781637717,0.0024449877750611247
来季,0.002386634844868735,0.0024271844660194173,0.002386634844868735,0.0024271844660194173,0.002421307506053269,0.004830917874396135,0.0024813895781637717,0.0024449877750611247
来年,0.00477326968973747,0.0024271844660194173,0.002386634844868735,0.0024271844660194173,0.002421307506053269,0.0024154589371980675,0.0024813895781637717,0.0024449877750611247
来年度,0.002386634844868735,0.0024271844660194173,0.002386634844868735,0.0024271844660194173,0.002421307506053269,0.0024154589371980675,0.004962779156327543,0.0024449877750611247
東京,0.002386634844868735,0.0024271844660194173,0.002386634844868735,0.0024271844660194173,0.002421307506053269,0.004830917874396135,0.0024813895781637717,0.0024449877750611247
楽し,0.002386634844868735,0.0024271844660194173,0.002386634844868735,0.0048543689320388345,0.002421307506053269,0.0024154589371980675,0.0024813895781637717,0.0024449877750611247
楽しみ,0.002386634844868735,0.0024271844660194173,0.002386634844868735,0.0024271844660194173,0.004842615012106538,0.0024154589371980675,0.0024813895781637717,0.0024449877750611247
構造,0.00477326968973747,0.0024271844660194173,0.002386634844868735,0.0024271844660194173,0.002421307506053269,0.0024154589371980675,0.0024813895781637717,0.0024449877750611247
機構,0.00477326968973747,0.0024271844660194173,0.002386634844868735,0.0024271844660194173,0.002421307506053269,0.0024154589371980675,0.0024813895781637717,0.0024449877750611247
歓迎,0.002386634844868735,0.0024271844660194173,0.002386634844868735,0.0024271844660194173,0.002421307506053269,0.0024154589371980675,0.004962779156327543,0.0024449877750611247
止まら,0.002386634844868735,0.0024271844660194173,0.002386634844868735,0.0024271844660194173,0.002421307506053269,0.0024154589371980675,0.0024813895781637717,0.004889975550122249
水木しげる,0.002386634844868735,0.0048543689320388345,0.002386634844868735,0.0024271844660194173,0.002421307506053269,0.0024154589371980675,0.0024813895781637717,0.0024449877750611247
沢村一樹,0.002386634844868735,0.0024271844660194173,0.00477326968973747,0.0024271844660194173,0.002421307506053269,0.0024154589371980675,0.0024813895781637717,0.0024449877750611247
沸騰,0.002386634844868735,0.0024271844660194173,0.00477326968973747,0.0024271844660194173,0.002421307506053269,0.0024154589371980675,0.0024813895781637717,0.0024449877750611247
注目,0.002386634844868735,0.0024271844660194173,0.002386634844868735,0.0024271844660194173,0.004842615012106538,0.0024154589371980675,0.0024813895781637717,0.0024449877750611247
浸かろ,0.002386634844868735,0.0024271844660194173,0.002386634844868735,0.0024271844660194173,0.004842615012106538,0.0024154589371980675,0.0024813895781637717,0.0024449877750611247
液晶,0.00477326968973747,0.0024271844660194173,0.002386634844868735,0.0024271844660194173,0.002421307506053269,0.0024154589371980675,0.0024813895781637717,0.0024449877750611247
温泉,0.002386634844868735,0.0024271844660194173,0.002386634844868735,0.0024271844660194173,0.007263922518159807,0.0024154589371980675,0.0024813895781637717,0.0024449877750611247
湯,0.002386634844868735,0.0024271844660194173,0.002386634844868735,0.0024271844660194173,0.007263922518159807,0.0024154589371980675,0.0024813895781637717,0.0024449877750611247
湯川,0.002386634844868735,0.0024271844660194173,0.002386634844868735,0.0024271844660194173,0.004842615012106538,0.0024154589371980675,0.0024813895781637717,0.0024449877750611247
溶かし,0.002386634844868735,0.0024271844660194173,0.002386634844868735,0.0048543689320388345,0.002421307506053269,0.0024154589371980675,0.0024813895781637717,0.0024449877750611247
無事,0.002386634844868735,0.0048543689320388345,0.002386634844868735,0.0024271844660194173,0.002421307506053269,0.0024154589371980675,0.0024813895781637717,0.0024449877750611247
熱気,0.002386634844868735,0.0024271844660194173,0.002386634844868735,0.0024271844660194173,0.002421307506053269,0.004830917874396135,0.0024813895781637717,0.0024449877750611247
版,0.007159904534606206,0.0024271844660194173,0.002386634844868735,0.0024271844660194173,0.002421307506053269,0.0024154589371980675,0.0024813895781637717,0.0024449877750611247
特殊,0.00477326968973747,0.0024271844660194173,0.002386634844868735,0.0024271844660194173,0.002421307506053269,0.0024154589371980675,0.0024813895781637717,0.0024449877750611247
特装,0.002386634844868735,0.0024271844660194173,0.00477326968973747,0.0024271844660194173,0.002421307506053269,0.0024154589371980675,0.0024813895781637717,0.0024449877750611247
独自,0.00477326968973747,0.0024271844660194173,0.002386634844868735,0.0024271844660194173,0.002421307506053269,0.0024154589371980675,0.0024813895781637717,0.0024449877750611247
生,0.002386634844868735,0.0024271844660194173,0.00477326968973747,0.0024271844660194173,0.002421307506053269,0.0024154589371980675,0.0024813895781637717,0.0024449877750611247
生き,0.002386634844868735,0.0024271844660194173,0.002386634844868735,0.0024271844660194173,0.002421307506053269,0.0024154589371980675,0.0024813895781637717,0.004889975550122249
生存,0.002386634844868735,0.0024271844660194173,0.002386634844868735,0.0024271844660194173,0.002421307506053269,0.004830917874396135,0.0024813895781637717,0.0024449877750611247
田原,0.002386634844868735,0.0024271844660194173,0.002386634844868735,0.0024271844660194173,0.002421307506053269,0.004830917874396135,0.0024813895781637717,0.0024449877750611247
男女,0.002386634844868735,0.0024271844660194173,0.002386634844868735,0.0024271844660194173,0.002421307506053269,0.0024154589371980675,0.004962779156327543,0.0024449877750611247
留め,0.002386634844868735,0.0048543689320388345,0.002386634844868735,0.0024271844660194173,0.002421307506053269,0.0024154589371980675,0.0024813895781637717,0.0024449877750611247
番組,0.002386634844868735,0.0024271844660194173,0.00477326968973747,0.0024271844660194173,0.002421307506053269,0.0024154589371980675,0.0024813895781637717,0.0024449877750611247
疲れ,0.002386634844868735,0.0048543689320388345,0.002386634844868735,0.0024271844660194173,0.002421307506053269,0.0024154589371980675,0.0024813895781637717,0.0024449877750611247
痩せ,0.002386634844868735,0.0024271844660194173,0.002386634844868735,0.0024271844660194173,0.004842615012106538,0.0024154589371980675,0.0024813895781637717,0.0024449877750611247
発売,0.002386634844868735,0.0024271844660194173,0.007159904534606206,0.0024271844660194173,0.002421307506053269,0.0024154589371980675,0.0024813895781637717,0.0024449877750611247
登場,0.002386634844868735,0.0024271844660194173,0.002386634844868735,0.0048543689320388345,0.002421307506053269,0.0024154589371980675,0.0024813895781637717,0.0024449877750611247
皇,0.002386634844868735,0.0024271844660194173,0.00477326968973747,0.0024271844660194173,0.002421307506053269,0.0024154589371980675,0.0024813895781637717,0.0024449877750611247
皇居,0.002386634844868735,0.0024271844660194173,0.002386634844868735,0.0024271844660194173,0.002421307506053269,0.0024154589371980675,0.004962779156327543,0.0024449877750611247
直前,0.002386634844868735,0.0024271844660194173,0.002386634844868735,0.0048543689320388345,0.002421307506053269,0.0024154589371980675,0.0024813895781637717,0.0024449877750611247
真似,0.002386634844868735,0.0024271844660194173,0.002386634844868735,0.0024271844660194173,0.004842615012106538,0.0024154589371980675,0.0024813895781637717,0.0024449877750611247
社会人,0.002386634844868735,0.0048543689320388345,0.002386634844868735,0.0024271844660194173,0.002421307506053269,0.0024154589371980675,0.0024813895781637717,0.0024449877750611247
秋篠宮,0.002386634844868735,0.0024271844660194173,0.002386634844868735,0.0024271844660194173,0.002421307506053269,0.0024154589371980675,0.004962779156327543,0.0024449877750611247
秘湯,0.002386634844868735,0.0024271844660194173,0.002386634844868735,0.0024271844660194173,0.004842615012106538,0.0024154589371980675,0.0024813895781637717,0.0024449877750611247
秘訣,0.002386634844868735,0.0024271844660194173,0.002386634844868735,0.0024271844660194173,0.004842615012106538,0.0024154589371980675,0.0024813895781637717,0.0024449877750611247
米,0.002386634844868735,0.0024271844660194173,0.002386634844868735,0.0024271844660194173,0.002421307506053269,0.0024154589371980675,0.0024813895781637717,0.004889975550122249
紗里,0.002386634844868735,0.0024271844660194173,0.00477326968973747,0.0024271844660194173,0.002421307506053269,0.0024154589371980675,0.0024813895781637717,0.0024449877750611247
素敵,0.002386634844868735,0.0048543689320388345,0.002386634844868735,0.0024271844660194173,0.002421307506053269,0.0024154589371980675,0.0024813895781637717,0.0024449877750611247
結果,0.002386634844868735,0.0024271844660194173,0.002386634844868735,0.0024271844660194173,0.002421307506053269,0.004830917874396135,0.0024813895781637717,0.0024449877750611247
老舗,0.002386634844868735,0.0024271844660194173,0.002386634844868735,0.0024271844660194173,0.004842615012106538,0.0024154589371980675,0.0024813895781637717,0.0024449877750611247
能登,0.002386634844868735,0.0024271844660194173,0.002386634844868735,0.0024271844660194173,0.004842615012106538,0.0024154589371980675,0.0024813895781637717,0.0024449877750611247
航空機,0.002386634844868735,0.0024271844660194173,0.002386634844868735,0.0024271844660194173,0.002421307506053269,0.004830917874396135,0.0024813895781637717,0.0024449877750611247
芸能,0.002386634844868735,0.0024271844660194173,0.00477326968973747,0.0024271844660194173,0.002421307506053269,0.0024154589371980675,0.0024813895781637717,0.0024449877750611247
英,0.002386634844868735,0.0048543689320388345,0.002386634844868735,0.0024271844660194173,0.002421307506053269,0.0024154589371980675,0.0024813895781637717,0.0024449877750611247
英語,0.002386634844868735,0.0024271844660194173,0.002386634844868735,0.0024271844660194173,0.002421307506053269,0.0024154589371980675,0.0024813895781637717,0.004889975550122249
草津,0.002386634844868735,0.0024271844660194173,0.002386634844868735,0.0024271844660194173,0.004842615012106538,0.0024154589371980675,0.0024813895781637717,0.0024449877750611247
行わ,0.002386634844868735,0.0024271844660194173,0.002386634844868735,0.0024271844660194173,0.002421307506053269,0.0024154589371980675,0.004962779156327543,0.0024449877750611247
行事,0.002386634844868735,0.0024271844660194173,0.002386634844868735,0.0024271844660194173,0.002421307506053269,0.0024154589371980675,0.004962779156327543,0.0024449877750611247
行動,0.002386634844868735,0.0048543689320388345,0.002386634844868735,0.0024271844660194173,0.002421307506053269,0.0024154589371980675,0.0024813895781637717,0.0024449877750611247
行為,0.002386634844868735,0.0024271844660194173,0.002386634844868735,0.0024271844660194173,0.002421307506053269,0.0024154589371980675,0.0024813895781637717,0.004889975550122249
表明,0.002386634844868735,0.0024271844660194173,0.002386634844868735,0.0024271844660194173,0.002421307506053269,0.0024154589371980675,0.004962779156327543,0.0024449877750611247
親切,0.002386634844868735,0.0048543689320388345,0.002386634844868735,0.0024271844660194173,0.002421307506053269,0.0024154589371980675,0.0024813895781637717,0.0024449877750611247
記憶,0.002386634844868735,0.0024271844660194173,0.002386634844868735,0.0024271844660194173,0.002421307506053269,0.0024154589371980675,0.0024813895781637717,0.004889975550122249
試合,0.002386634844868735,0.0024271844660194173,0.002386634844868735,0.0024271844660194173,0.002421307506053269,0.004830917874396135,0.0024813895781637717,0.0024449877750611247
話題,0.002386634844868735,0.0024271844660194173,0.00477326968973747,0.0024271844660194173,0.002421307506053269,0.0024154589371980675,0.0024813895781637717,0.0024449877750611247
認証,0.002386634844868735,0.0024271844660194173,0.002386634844868735,0.0024271844660194173,0.002421307506053269,0.0024154589371980675,0.004962779156327543,0.0024449877750611247
誕生,0.002386634844868735,0.0024271844660194173,0.002386634844868735,0.0048543689320388345,0.002421307506053269,0.0024154589371980675,0.004962779156327543,0.0024449877750611247
語る,0.002386634844868735,0.0024271844660194173,0.002386634844868735,0.0024271844660194173,0.002421307506053269,0.0024154589371980675,0.004962779156327543,0.0024449877750611247
誠,0.002386634844868735,0.0024271844660194173,0.002386634844868735,0.0024271844660194173,0.002421307506053269,0.004830917874396135,0.0024813895781637717,0.0024449877750611247
調布,0.002386634844868735,0.0048543689320388345,0.002386634844868735,0.0024271844660194173,0.002421307506053269,0.0024154589371980675,0.0024813895781637717,0.0024449877750611247
護衛兵,0.002386634844868735,0.0024271844660194173,0.002386634844868735,0.0024271844660194173,0.002421307506053269,0.0024154589371980675,0.0024813895781637717,0.004889975550122249
負け,0.002386634844868735,0.0024271844660194173,0.002386634844868735,0.0024271844660194173,0.002421307506053269,0.004830917874396135,0.0024813895781637717,0.0024449877750611247
負担,0.002386634844868735,0.0024271844660194173,0.002386634844868735,0.0024271844660194173,0.002421307506053269,0.0024154589371980675,0.004962779156327543,0.0024449877750611247
販売,0.00477326968973747,0.0024271844660194173,0.002386634844868735,0.0024271844660194173,0.002421307506053269,0.0024154589371980675,0.0024813895781637717,0.0024449877750611247
貴重,0.002386634844868735,0.0024271844660194173,0.002386634844868735,0.0024271844660194173,0.004842615012106538,0.0024154589371980675,0.0024813895781637717,0.0024449877750611247
賃金格差,0.002386634844868735,0.0024271844660194173,0.002386634844868735,0.0024271844660194173,0.002421307506053269,0.0024154589371980675,0.004962779156327543,0.0024449877750611247
躍動,0.002386634844868735,0.0024271844660194173,0.002386634844868735,0.0024271844660194173,0.002421307506053269,0.004830917874396135,0.0024813895781637717,0.0024449877750611247
車,0.002386634844868735,0.0024271844660194173,0.002386634844868735,0.0024271844660194173,0.002421307506053269,0.0024154589371980675,0.0024813895781637717,0.004889975550122249
逃げ,0.002386634844868735,0.0024271844660194173,0.002386634844868735,0.0024271844660194173,0.004842615012106538,0.0024154589371980675,0.0024813895781637717,0.0024449877750611247
連続,0.002386634844868735,0.0024271844660194173,0.002386634844868735,0.0024271844660194173,0.002421307506053269,0.004830917874396135,0.0024813895781637717,0.0024449877750611247
配布,0.002386634844868735,0.0024271844660194173,0.002386634844868735,0.0024271844660194173,0.002421307506053269,0.0024154589371980675,0.0024813895781637717,0.004889975550122249
野球,0.002386634844868735,0.0024271844660194173,0.002386634844868735,0.0024271844660194173,0.002421307506053269,0.004830917874396135,0.0024813895781637717,0.0024449877750611247
閣,0.002386634844868735,0.0024271844660194173,0.002386634844868735,0.0024271844660194173,0.004842615012106538,0.0024154589371980675,0.0024813895781637717,0.0024449877750611247
限定,0.002386634844868735,0.0024271844660194173,0.002386634844868735,0.007281553398058253,0.002421307506053269,0.0024154589371980675,0.0024813895781637717,0.0024449877750611247
陛下,0.002386634844868735,0.0024271844660194173,0.002386634844868735,0.0024271844660194173,0.002421307506053269,0.0024154589371980675,0.004962779156327543,0.0024449877750611247
静岡,0.002386634844868735,0.0024271844660194173,0.002386634844868735,0.0024271844660194173,0.002421307506053269,0.004830917874396135,0.0024813895781637717,0.0024449877750611247
韓国人,0.002386634844868735,0.0024271844660194173,0.002386634844868735,0.0024271844660194173,0.002421307506053269,0.0024154589371980675,0.0024813895781637717,0.004889975550122249
音楽,0.002386634844868735,0.0024271844660194173,0.00477326968973747,0.0024271844660194173,0.002421307506053269,0.0024154589371980675,0.0024813895781637717,0.0024449877750611247
願う,0.002386634844868735,0.0024271844660194173,0.002386634844868735,0.0048543689320388345,0.002421307506053269,0.0024154589371980675,0.0024813895781637717,0.0024449877750611247
食べる,0.002386634844868735,0.0024271844660194173,0.002386634844868735,0.0024271844660194173,0.004842615012106538,0.0024154589371980675,0.0024813895781637717,0.0024449877750611247
飲む,0.002386634844868735,0.0024271844660194173,0.002386634844868735,0.0048543689320388345,0.002421307506053269,0.0024154589371980675,0.0024813895781637717,0.0024449877750611247
飼い主,0.002386634844868735,0.007281553398058253,0.002386634844868735,0.0024271844660194173,0.002421307506053269,0.0024154589371980675,0.0024813895781637717,0.0024449877750611247
駒井千佳子,0.002386634844868735,0.0024271844660194173,0.00477326968973747,0.0024271844660194173,0.002421307506053269,0.0024154589371980675,0.0024813895781637717,0.0024449877750611247
高齢者,0.002386634844868735,0.0024271844660194173,0.002386634844868735,0.0024271844660194173,0.002421307506053269,0.0024154589371980675,0.004962779156327543,0.0024449877750611247
龍王,0.002386634844868735,0.0024271844660194173,0.002386634844868735,0.0024271844660194173,0.004842615012106538,0.0024154589371980675,0.0024813895781637717,0.0024449877750611247
